,Count
United States,329
United Kingdom,102
Canada,66
Germany,44
Spain,28
Indonesia,28
Australia,26
Singapore,25
France,23
India,22
Netherlands,21
Switzerland,16
Malaysia,15
Mexico,14
Ireland,12
Belgium,11
Brazil,11
Sweden,10
Egypt,10
Italy,9
Denmark,9
Philippines,9
New Zealand,9
Russia,8
Thailand,8
Hong Kong SAR China,8
Israel,7
Poland,6
Japan,6
South Africa,6
Argentina,5
Norway,5
Finland,4
Vietnam,4
Czechia,4
United Arab Emirates,4
Taiwan,3
Hungary,3
Sri Lanka,3
Jordan,3
Bahamas,3
Slovenia,3
Mauritius,2
Ecuador,2
Portugal,2
Lithuania,2
Panama,2
Maldives,2
Greece,2
China,2
Serbia,2
TÃ¼rkiye,2
Fiji,2
Colombia,2
Tunisia,2
Austria,2
Guatemala,2
Dominican Republic,2
Bulgaria,1
Nigeria,1
French Polynesia,1
Romania,1
Bangladesh,1
Belize,1
U.S. Virgin Islands,1
Kuwait,1
Cyprus,1
Honduras,1
South Korea,1
Caribbean Netherlands,1
Cayman Islands,1
Saudi Arabia,1
Algeria,1
Moldova,1
Nicaragua,1
Cook Islands,1
St. Vincent & Grenadines,1
Cameroon,1
Unknown,1
Malta,1
Pakistan,1
Costa Rica,1
Cape Verde,1
Iran,1
